GoodPhoto;Goodid;MainPhoto; Developer;Developerid;Active;Price
Super Minds. Level 4. Workbook with Online Resources;1; Товары школы\701132.jpg; Cambridge;; не активен;1210
Super Minds. Workbook 2 with Online Resources;2; Товары школы\701128.jpg; Cambridge;; да; 1200 руб.
Eyes Open. Level 3. Student's Book;3; Товары школы\700890.jpg; Cambridge;; да;1350
Advanced Grammar in Use. Book without Answers;4; Товары школы\700673.jpg; Cambridge;; да; 1850 рублей
Английский на каждый день;5; Товары школы\698477.jpg; АСТ;; да; 670 рублей
English for Everyone. English Vocabulary Builder;6; Товары школы\715802.jpg; Dorling Kindersley;; активен; 1980 руб.
Cracking GMAT Premium 2020 Edition. 6 Practice Tests;7; Товары школы\724652.jpg; Princeton Review;; да; 3140 руб.
Учебник английского языка. Полный курс;8; Товары школы\729944.jpg; Эксмо;; да; 1000 руб.
Английский без страха для тех, кому за...;9; Товары школы\720888.jpg; АСТ;; да; 290 руб.
Grammarway 2. Teacher's Book. Elementary;10; Товары школы\702075.jpg; Express Publishing;; да; 910 руб.
Tree or Three? An elementary pronunciation course;11; Товары школы\701141.jpg; Cambridge;; да; 1870?
Prism Reading. Intro. Student's Book;12; Товары школы\699858.jpg; Cambridge;; да; 2930 рублей
Think. Level 3. B1+. Student's Book;13; Товары школы\701135.jpg; Cambridge;; да; 1640 рублей
Учим английский язык с енотами-полиглотами;14; Товары школы\724934.jpg; АСТ;; да;340
Super Minds. Workbook 1 with Online Resources;15; Товары школы\701125.jpg; Cambridge;; активен;1230
Говори как английская королева. The Queen's English and how to use it;16; Товары школы\699791.jpg; АСТ;; да; 420?
Dive in! Blue;17; Товары школы\729198.jpg; Delta Publishing;; да;630
Вся грамматика английского языка в таблицах. Учебное пособие;18; Товары школы\716788.jpg; Флинта;; да; 390 рублей
New Enterprise A2. Workbook with digibook app;19; Товары школы\701884.jpg; Express Publishing;; да; 1220 рублей
Eyes Open Level 1 Student's Book;20; Товары школы\700889.jpg; Cambridge;; да; 1340 руб.
Английский язык. Популярный иллюстрированный самоучитель;21; Товары школы\726891.jpg; АСТ;; активен; 400?
Grammarway 1. Book with Answers. Beginner;22; Товары школы\702074.jpg; Express Publishing;; активен;1270
Business Vocabulary in Use. Advanced. Book with Answers;23; Товары школы\700674.jpg; Cambridge;; да; 2220 рублей
Разговорный английский в диалогах. Учебное пособие;24; Товары школы\730838.jpg; Кнорус;; да; 1140 рублей
Английский без барьеров. For beginners;25; Товары школы\722958.jpg; Питер;; активен; 420 руб.
Pocket English Grammar (Карманная грамматика английского языка). Справочное пособие;26; Товары школы\690825.jpg; ИНФРА-М;; да; 390?
Evolve. Level 1. Student's Book;27; Товары школы\702640.jpg; Cambridge;; нет; 1840 руб.
Реальный English. Как подружиться с грамматикой раз и навсегда;28; Товары школы\704508.jpg; Феникс;; да; 690 рублей
English Vocabulary in Use. Advanced. Book with Answers;29; Товары школы\700703.jpg; Cambridge;; нет; 1860 рублей
Быстрый английский. Тренажер по чтению;30; Товары школы\715170.jpg; АСТ;; да; 240 руб.
Деловой английский язык. (Бакалавриат и магистратура). Учебное пособие;31; Товары школы\712853.jpg; Кнорус;; активен; 1080 руб.
Английский язык. Самые нужные правила;32; Товары школы\729858.jpg; АСТ;; активен; 180 рублей
Legal English. Английский язык для юристов. Учебник;33; Товары школы\707289.jpg; ИНФРА-М;; активен;2720
OK English! Все правила английского языка с упражнениями;34; Товары школы\694544.jpg; АСТ;; да; 370 рублей
Dive in! Orange;35; Товары школы\729200.jpg; Delta Publishing;; да;650
Английская грамматика. Просто и понятно: правила, модели, упражнения. Учебное пособие;36; Товары школы\716808.jpg; Прометей;; да; 2060?
Grammar in Use. Intermediate. Student's Book without Answers;37; Товары школы\700903.jpg; Cambridge;; нет; 1740 рублей
Современная английская грамматика в таблицах;38; Товары школы\721525.jpg; Эксмо-Пресс;; да;340
Everyday Vocabulary + Grammar. For Intermediate Students. Учебное пособие;39; Товары школы\722745.jpg; Антология;; да; 1180?
English for Everyone. English Idioms;40; Товары школы\715801.jpg; Dorling Kindersley;; да; 2290 рублей
Вся грамматика английского языка. Теория и практика;41; Товары школы\724335.jpg; АСТ;; да; 410?
Говорим по-английски;42; Товары школы\706297.jpg; Виват;; да; 220 руб.
Business Vocabulary in Use. Intermediate. Book with Answers and Enhanced ebook;43; Товары школы\700676.jpg; Cambridge;; да; 2690?
Безупречная английская грамматика. Простые правила и увлекательные тесты;44; Товары школы\723769.jpg; АСТ;; активен; 720?
Exam Booster For Advanced Without Ans Key + Audio;45; Товары школы\714676.jpg; Cambridge;; да; 1300 руб.
Grammar in Use. Intermediate. Student's Book with Answers and Interactive eBook;46; Товары школы\700900.jpg; Cambridge;; не активен; 2380 руб.
Английская грамматика в схемах и таблицах;47; Товары школы\713804.jpg; АСТ;; да; 170 руб.
Английский язык. Тренажер по чтению;48; Товары школы\710082.jpg; АСТ;; да; 170 руб.
Английский язык для технических специальностей. Учебное пособие;49; Товары школы\730048.jpg; ИНФРА-М;; нет;2550
Интенсивный английский 4 в 1: говорим, читаем, пишем, слушаем;50; Товары школы\716807.jpg; Прометей;; да; 1840 рублей
Английские пословицы и поговорки. Учебное пособие;51; Товары школы\714143.jpg; Флинта;; не активен;260
Super Minds. Level 3. Workbook with Online Resources;52; Товары школы\701130.jpg; Cambridge;; да; 1200 руб.
Английский язык. Времена глаголов;53; Товары школы\710081.jpg; АСТ;; да; 150 рублей
Английский курсив: прописи;54; Товары школы\715875.jpg; Яуза;; не активен; 300 руб.
Английский язык. Фразовые глаголы;55; Товары школы\710083.jpg; АСТ;; да; 160 рублей
English for Beginners: Everyday English;56; Товары школы\693086.jpg; Ladybird;; активен; 330 руб.
Курс английской разговорной речи. Учебное пособие;57; Товары школы\722820.jpg; Прометей;; да;1790
New Enterprise A2 Student's Book with DigiBooks App;58; Товары школы\701882.jpg; Express Publishing;; активен; 1650?
Business Vocabulary in Use. Advanced. Book with Answers and Enhanced ebook;59; Товары школы\700675.jpg; Cambridge;; да; 2840 рублей
Prepare. Level 2. Student's Book;60; Товары школы\701088.jpg; Cambridge;; нет; 1780 рублей
Your Space Level 2 Student's Book;61; Товары школы\701151.jpg; Cambridge;; да; 1380?
Вся английская грамматика в схемах и таблицах;62; Товары школы\729025.jpg; АСТ;; нет;370
Dive in! Green;63; Товары школы\729199.jpg; Delta Publishing;; нет;640
English Grammar Today Book with Workbook;64; Товары школы\700707.jpg; Cambridge;; не активен;4110
Разговорная грамматика английского языка;65; Товары школы\725306.jpg; АСТ;; да;360
Think. Level 3. B1+. Workbook with Online Practice;66; Товары школы\701138.jpg; Cambridge;; активен; 1140 руб.
Английский язык за 3 месяца. Быстрый восстановитель знаний;67; Товары школы\714131.jpg; АСТ;; да; 270 рублей
Prepare. Level 4. B1. Student's Book;68; Товары школы\701097.jpg; Cambridge;; активен; 1810 рублей
Английский язык. Идиомы (полезные карточки);69; Товары школы\729857.jpg; АСТ;; активен; 140 руб.
Английский язык. Все времена и глаголы в схемах и таблицах;70; Товары школы\729495.jpg; АСТ;; да; 350?
Английский с нуля. Учебное пособие;71; Товары школы\716806.jpg; Прометей;; да;1840
English Vocabulary in Use. Elementary. Book with Answers and Enhanced eBook;72; Товары школы\700704.jpg; Cambridge;; да;2380
Каллиграфия. Английский курсив. Самоучитель;73; Товары школы\721737.jpg; Яуза;; не активен; 270 рублей
Ship or Sheep? An intermediate pronunciation course;74; Товары школы\701112.jpg; Cambridge;; активен; 2210 руб.
Eyes Open. Level 3. Workbook with Online Practice;75; Товары школы\700891.jpg; Cambridge;; да; 1110?
New Enterprise A2 - Grammar Book (with Digibooks App);76; Товары школы\701883.jpg; Express Publishing;; да; 1250 рублей
Cracking the GRE Premium Edition with 6 Practice Tests, 2020;77; Товары школы\730252.jpg; Princeton Review;; активен; 3110 рублей
Prepare. Level 5. B1. Student's Book;78; Товары школы\701098.jpg; Cambridge;; да; 1790?
Английский язык для менеджеров. Учебное пособие;79; Товары школы\693032.jpg; Прометей;; да; 1280 руб.
Учебник английского языка. Часть 2;80; Товары школы\717996.jpg; Эксмо;; активен; 690 руб.
Быстрый английский для начинающих;81; Товары школы\714137.jpg; АСТ;; да;230
Prepare. Level 3. A2. Student's Book;82; Товары школы\701094.jpg; Cambridge;; да; 1810 руб.
Тренажер по чтению. Самый быстрый способ выучить английский язык;83; Товары школы\718058.jpg; АСТ;; нет; 120 руб.
English Vocabulary in Use. Upper-Intermediate. Book with Answers;84; Товары школы\700705.jpg; Cambridge;; активен; 1890?
Professional English for PR Students: People and Society;85; Товары школы\716803.jpg; Прометей;; активен; 780 рублей
Английский язык. Идиомы;86; Товары школы\713805.jpg; АСТ;; да; 130 рублей
Elementary Vocabulary + Grammar. Foe Beginners and Pre-Intermediate Students. Учебное пособие;87; Товары школы\731489.jpg; Антология;; нет; 960 рублей
Самый быстрый способ выучить неправильные английские глаголы;88; Товары школы\718057.jpg; АСТ;; да; 70?
English Grammar in Use. Book without Answers;89; Товары школы\700691.jpg; Cambridge;; нет; 1760?
Английская грамматика. Самое важное. Учебное пособие (мини);90; Товары школы\726085.jpg; Проспект;; активен; 80 рублей
Grammar in Use Intermediate Student's Book with Answers Self-study Reference and Practice;91; Товары школы\700901.jpg; Cambridge;; да; 1950 руб.
English Grammar in Use. Book with Answers;92; Товары школы\700689.jpg; Cambridge;; да; 1950 рублей
Английский для малышей и мам @my_english_baby. Как воспитать билингвального ребенка;93; Товары школы\718408.jpg; АСТ;; да;390
Грамматический профиль. Grammar Profile. Учебное пособие;94; Товары школы\710904.jpg; Флинта;; нет; 450 рублей
Английский язык на пальцах;95; Товары школы\712495.jpg; АСТ;; не активен; 360 рублей
Prepare. Level 2. A2. Workbook with Audio Download;96; Товары школы\701093.jpg; Cambridge;; да; 1340 руб.
Учебник английского языка. Часть 1;97; Товары школы\713136.jpg; Эксмо;; да;710
Грамматика английского языка. Просто и доступно. Учебное пособие;98; Товары школы\696499.jpg; Флинта;; нет; 450 руб.
Безупречный английский. Самоучитель для начинающих;99; Товары школы\727495.jpg; АСТ;; да; 680 руб.
Your Space. Level 1. Student's Book;100; Товары школы\701149.jpg; Cambridge;; да; 1370?
